{
    "last_run_ts": 1768305167,
    "last_run_human": "2026-01-13T13:52:47+02:00",
    "last_result": "ok",
    "last_details": {
        "status": "ok",
        "dbPath": "\/home\/www\/adweb4\/adweb.gr\/keywords\/storage\/app.db",
        "jobs": [
            {
                "job": "bin\/cron.php (cli)",
                "status": "ok"
            }
        ],
        "cmd": "php '\/home\/www\/adweb4\/adweb.gr\/keywords\/bin\/cron.php' 2>&1",
        "output": "[init] Using DB connection: sqlite\n[init] Schema already present. Skipping.\n[init] Stopwords already present.\n[init] Taxonomy already present.\n[init] Channels seeded\/updated: 5\n[init] Admin exists: admin@adweb.gr\n[init] Done.\n[cron] Polling channel #3 Action24\n[cron]  items seen=4 new=0 updated=0\n[cron] Polling channel #5 Ant1\n[cron]  items seen=0 new=0 updated=0\n[cron] Polling channel #4 ErtNews\n[cron]  items seen=4 new=0 updated=0\n[cron] Polling channel #1 OpenTv\n[cron]  items seen=1000 new=0 updated=0\n[cron] Polling channel #2 SkaiTv\n[cron]  items seen=50 new=0 updated=0\n[cron] Processing 200 videos\n[cron] ERROR processing video 1810: syntax error, unexpected token \"public\"\n[cron] ERROR processing video 1809: syntax error, unexpected token \"public\"\n[cron] ERROR processing video 1808: syntax error, unexpected token \"public\"\n[cron] ERROR processing video 1807: syntax error, unexpected token \"public\"\n[cron] ERROR processing video 1806: syntax error, unexpected token \"public\"\n[cron] ERROR processing video 1805: syntax error, unexpected token \"public\"\n[cron] ERROR processing video 1804: syntax error, unexpected token \"public\"\n[cron] ERROR processing video 1803: syntax error, unexpected token \"public\"\n[cron] ERROR processing video 1802: syntax error, unexpected token \"public\"\n[cron] ERROR processing video 1801: syntax error, unexpected token \"public\"\n[cron] ERROR processing video 1800: syntax error, unexpected token \"public\"\n[cron] ERROR processing video 1799: syntax error, unexpected token \"public\"\n[cron] ERROR processing video 1798: syntax error, unexpected token \"public\"\n[cron] ERROR processing video 1797: syntax error, unexpected token \"public\"\n[cron] ERROR processing video 1796: syntax error, unexpected token \"public\"\n[cron] ERROR processing video 1795: syntax error, unexpected token \"public\"\n[cron] ERROR processing video 1794: syntax error, unexpected token \"public\"\n[cron] ERROR processing video 1793: syntax error, unexpected token \"public\"\n[cron] ERROR processing video 1792: syntax error, unexpected token \"public\"\n[cron] ERROR processing video 1791: syntax error, unexpected token \"public\"\n[cron] ERROR processing video 1790: syntax error, unexpected token \"public\"\n[cron] ERROR processing video 1789: syntax error, unexpected token \"public\"\n[cron] ERROR processing video 1788: syntax error, unexpected token \"public\"\n[cron] ERROR processing video 1787: syntax error, unexpected token \"public\"\n[cron] ERROR processing video 1786: syntax error, unexpected token \"public\"\n[cron] ERROR processing video 1785: syntax error, unexpected token \"public\"\n[cron] ERROR processing video 1784: syntax error, unexpected token \"public\"\n[cron] ERROR processing video 1783: syntax error, unexpected token \"public\"\n[cron] ERROR processing video 1782: syntax error, unexpected token \"public\"\n[cron] ERROR processing video 1781: syntax error, unexpected token \"public\"\n[cron] ERROR processing video 1780: syntax error, unexpected token \"public\"\n[cron] ERROR processing video 1779: syntax error, unexpected token \"public\"\n[cron] ERROR processing video 1778: syntax error, unexpected token \"public\"\n[cron] ERROR processing video 1777: syntax error, unexpected token \"public\"\n[cron] ERROR processing video 1776: syntax error, unexpected token \"public\"\n[cron] ERROR processing video 1775: syntax error, unexpected token \"public\"\n[cron] ERROR processing video 1774: syntax error, unexpected token \"public\"\n[cron] ERROR processing video 1773: syntax error, unexpected token \"public\"\n[cron] ERROR processing video 1772: syntax error, unexpected token \"public\"\n[cron] ERROR processing video 1771: syntax error, unexpected token \"public\"\n[cron] ERROR processing video 1770: syntax error, unexpected token \"public\"\n[cron] ERROR processing video 1769: syntax error, unexpected token \"public\"\n[cron] ERROR processing video 1768: syntax error, unexpected token \"public\"\n[cron] ERROR processing video 1767: syntax error, unexpected token \"public\"\n[cron] ERROR processing video 1766: syntax error, unexpected token \"public\"\n[cron] ERROR processing video 1765: syntax error, unexpected token \"public\"\n[cron] ERROR processing video 1764: syntax error, unexpected token \"public\"\n[cron] ERROR processing video 1763: syntax error, unexpected token \"public\"\n[cron] ERROR processing video 1762: syntax error, unexpected token \"public\"\n[cron] ERROR processing video 1761: syntax error, unexpected token \"public\"\n[cron] ERROR processing video 1760: syntax error, unexpected token \"public\"\n[cron] ERROR processing video 1759: syntax error, unexpected token \"public\"\n[cron] ERROR processing video 1758: syntax error, unexpected token \"public\"\n[cron] ERROR processing video 1757: syntax error, unexpected token \"public\"\n[cron] ERROR processing video 1756: syntax error, unexpected token \"public\"\n[cron] ERROR processing video 1755: syntax error, unexpected token \"public\"\n[cron] ERROR processing video 1754: syntax error, unexpected token \"public\"\n[cron] ERROR processing video 1753: syntax error, unexpected token \"public\"\n[cron] ERROR processing video 1752: syntax error, unexpected token \"public\"\n[cron] ERROR processing video 1751: syntax error, unexpected token \"public\"\n[cron] ERROR processing video 1750: syntax error, unexpected token \"public\"\n[cron] ERROR processing video 1749: syntax error, unexpected token \"public\"\n[cron] ERROR processing video 1748: syntax error, unexpected token \"public\"\n[cron] ERROR processing video 1747: syntax error, unexpected token \"public\"\n[cron] ERROR processing video 1746: syntax error, unexpected token \"public\"\n[cron] ERROR processing video 1745: syntax error, unexpected token \"public\"\n[cron] ERROR processing video 1744: syntax error, unexpected token \"public\"\n[cron] ERROR processing video 1743: syntax error, unexpected token \"public\"\n[cron] ERROR processing video 1742: syntax error, unexpected token \"public\"\n[cron] ERROR processing video 1741: syntax error, unexpected token \"public\"\n[cron] ERROR processing video 1740: syntax error, unexpected token \"public\"\n[cron] ERROR processing video 1739: syntax error, unexpected token \"public\"\n[cron] ERROR processing video 1738: syntax error, unexpected token \"public\"\n[cron] ERROR processing video 1737: syntax error, unexpected token \"public\"\n[cron] ERROR processing video 1736: syntax error, unexpected token \"public\"\n[cron] ERROR processing video 1735: syntax error, unexpected token \"public\"\n[cron] ERROR processing video 1734: syntax error, unexpected token \"public\"\n[cron] ERROR processing video 1733: syntax error, unexpected token \"public\"\n[cron] ERROR processing video 1732: syntax error, unexpected token \"public\"\n[cron] ERROR processing video 1731: syntax error, unexpected token \"public\"\n[cron] ERROR processing video 1730: syntax error, unexpected token \"public\"\n[cron] ERROR processing video 1729: syntax error, unexpected token \"public\"\n[cron] ERROR processing video 1728: syntax error, unexpected token \"public\"\n[cron] ERROR processing video 1727: syntax error, unexpected token \"public\"\n[cron] ERROR processing video 1726: syntax error, unexpected token \"public\"\n[cron] ERROR processing video 1725: syntax error, unexpected token \"public\"\n[cron] ERROR processing video 1724: syntax error, unexpected token \"public\"\n[cron] ERROR processing video 1723: syntax error, unexpected token \"public\"\n[cron] ERROR processing video 1722: syntax error, unexpected token \"public\"\n[cron] ERROR processing video 1721: syntax error, unexpected token \"public\"\n[cron] ERROR processing video 1720: syntax error, unexpected token \"public\"\n[cron] ERROR processing video 1719: syntax error, unexpected token \"public\"\n[cron] ERROR processing video 1718: syntax error, unexpected token \"public\"\n[cron] ERROR processing video 1717: syntax error, unexpected token \"public\"\n[cron] ERROR processing video 1716: syntax error, unexpected token \"public\"\n[cron] ERROR processing video 1715: syntax error, unexpected token \"public\"\n[cron] ERROR processing video 1714: syntax error, unexpected token \"public\"\n[cron] ERROR processing video 1713: syntax error, unexpected token \"public\"\n[cron] ERROR processing video 1712: syntax error, unexpected token \"public\"\n[cron] ERROR processing video 1711: syntax error, unexpected token \"public\"\n[cron] ERROR processing video 1710: syntax error, unexpected token \"public\"\n[cron] ERROR processing video 1709: syntax error, unexpected token \"public\"\n[cron] ERROR processing video 1708: syntax error, unexpected token \"public\"\n[cron] ERROR processing video 1707: syntax error, unexpected token \"public\"\n[cron] ERROR processing video 1706: syntax error, unexpected token \"public\"\n[cron] ERROR processing video 1705: syntax error, unexpected token \"public\"\n[cron] ERROR processing video 1704: syntax error, unexpected token \"public\"\n[cron] ERROR processing video 1703: syntax error, unexpected token \"public\"\n[cron] ERROR processing video 1702: syntax error, unexpected token \"public\"\n[cron] ERROR processing video 1701: syntax error, unexpected token \"public\"\n[cron] ERROR processing video 1700: syntax error, unexpected token \"public\"\n[cron] ERROR processing video 1699: syntax error, unexpected token \"public\"\n[cron] ERROR processing video 1698: syntax error, unexpected token \"public\"\n[cron] ERROR processing video 1697: syntax error, unexpected token \"public\"\n[cron] ERROR processing video 1696: syntax error, unexpected token \"public\"\n[cron] ERROR processing video 1695: syntax error, unexpected token \"public\"\n[cron] ERROR processing video 1694: syntax error, unexpected token \"public\"\n[cron] ERROR processing video 1693: syntax error, unexpected token \"public\"\n[cron] ERROR processing video 1692: syntax error, unexpected token \"public\"\n[cron] ERROR processing video 1691: syntax error, unexpected token \"public\"\n[cron] ERROR processing video 1690: syntax error, unexpected token \"public\"\n[cron] ERROR processing video 1689: syntax error, unexpected token \"public\"\n[cron] ERROR processing video 1688: syntax error, unexpected token \"public\"\n[cron] ERROR processing video 1687: syntax error, unexpected token \"public\"\n[cron] ERROR processing video 1686: syntax error, unexpected token \"public\"\n[cron] ERROR processing video 1685: syntax error, unexpected token \"public\"\n[cron] ERROR processing video 1684: syntax error, unexpected token \"public\"\n[cron] ERROR processing video 1683: syntax error, unexpected token \"public\"\n[cron] ERROR processing video 1682: syntax error, unexpected token \"public\"\n[cron] ERROR processing video 1681: syntax error, unexpected token \"public\"\n[cron] ERROR processing video 1680: syntax error, unexpected token \"public\"\n[cron] ERROR processing video 1679: syntax error, unexpected token \"public\"\n[cron] ERROR processing video 1678: syntax error, unexpected token \"public\"\n[cron] ERROR processing video 1677: syntax error, unexpected token \"public\"\n[cron] ERROR processing video 1676: syntax error, unexpected token \"public\"\n[cron] ERROR processing video 1675: syntax error, unexpected token \"public\"\n[cron] ERROR processing video 1674: syntax error, unexpected token \"public\"\n[cron] ERROR processing video 1673: syntax error, unexpected token \"public\"\n[cron] ERROR processing video 1672: syntax error, unexpected token \"public\"\n[cron] ERROR processing video 1671: syntax error, unexpected token \"public\"\n[cron] ERROR processing video 1670: syntax error, unexpected token \"public\"\n[cron] ERROR processing video 1669: syntax error, unexpected token \"public\"\n[cron] ERROR processing video 1668: syntax error, unexpected token \"public\"\n[cron] ERROR processing video 1667: syntax error, unexpected token \"public\"\n[cron] ERROR processing video 1666: syntax error, unexpected token \"public\"\n[cron] ERROR processing video 1665: syntax error, unexpected token \"public\"\n[cron] ERROR processing video 1664: syntax error, unexpected token \"public\"\n[cron] ERROR processing video 1663: syntax error, unexpected token \"public\"\n[cron] ERROR processing video 1662: syntax error, unexpected token \"public\"\n[cron] ERROR processing video 1661: syntax error, unexpected token \"public\"\n[cron] ERROR processing video 1660: syntax error, unexpected token \"public\"\n[cron] ERROR processing video 1659: syntax error, unexpected token \"public\"\n[cron] ERROR processing video 1658: syntax error, unexpected token \"public\"\n[cron] ERROR processing video 1657: syntax error, unexpected token \"public\"\n[cron] ERROR processing video 1656: syntax error, unexpected token \"public\"\n[cron] ERROR processing video 1655: syntax error, unexpected token \"public\"\n[cron] ERROR processing video 1654: syntax error, unexpected token \"public\"\n[cron] ERROR processing video 1653: syntax error, unexpected token \"public\"\n[cron] ERROR processing video 1652: syntax error, unexpected token \"public\"\n[cron] ERROR processing video 1651: syntax error, unexpected token \"public\"\n[cron] ERROR processing video 1650: syntax error, unexpected token \"public\"\n[cron] ERROR processing video 1649: syntax error, unexpected token \"public\"\n[cron] ERROR processing video 1648: syntax error, unexpected token \"public\"\n[cron] ERROR processing video 1647: syntax error, unexpected token \"public\"\n[cron] ERROR processing video 1646: syntax error, unexpected token \"public\"\n[cron] ERROR processing video 1645: syntax error, unexpected token \"public\"\n[cron] ERROR processing video 1644: syntax error, unexpected token \"public\"\n[cron] ERROR processing video 1643: syntax error, unexpected token \"public\"\n[cron] ERROR processing video 1642: syntax error, unexpected token \"public\"\n[cron] ERROR processing video 1641: syntax error, unexpected token \"public\"\n[cron] ERROR processing video 1640: syntax error, unexpected token \"public\"\n[cron] ERROR processing video 1639: syntax error, unexpected token \"public\"\n[cron] ERROR processing video 1638: syntax error, unexpected token \"public\"\n[cron] ERROR processing video 1637: syntax error, unexpected token \"public\"\n[cron] ERROR processing video 1636: syntax error, unexpected token \"public\"\n[cron] ERROR processing video 1635: syntax error, unexpected token \"public\"\n[cron] ERROR processing video 1634: syntax error, unexpected token \"public\"\n[cron] ERROR processing video 1633: syntax error, unexpected token \"public\"\n[cron] ERROR processing video 1632: syntax error, unexpected token \"public\"\n[cron] ERROR processing video 1631: syntax error, unexpected token \"public\"\n[cron] ERROR processing video 1630: syntax error, unexpected token \"public\"\n[cron] ERROR processing video 1629: syntax error, unexpected token \"public\"\n[cron] ERROR processing video 1628: syntax error, unexpected token \"public\"\n[cron] ERROR processing video 1627: syntax error, unexpected token \"public\"\n[cron] ERROR processing video 1626: syntax error, unexpected token \"public\"\n[cron] ERROR processing video 1625: syntax error, unexpected token \"public\"\n[cron] ERROR processing video 1624: syntax error, unexpected token \"public\"\n[cron] ERROR processing video 1623: syntax error, unexpected token \"public\"\n[cron] ERROR processing video 1622: syntax error, unexpected token \"public\"\n[cron] ERROR processing video 1621: syntax error, unexpected token \"public\"\n[cron] ERROR processing video 1620: syntax error, unexpected token \"public\"\n[cron] ERROR processing video 1619: syntax error, unexpected token \"public\"\n[cron] ERROR processing video 1618: syntax error, unexpected token \"public\"\n[cron] ERROR processing video 1617: syntax error, unexpected token \"public\"\n[cron] ERROR processing video 1616: syntax error, unexpected token \"public\"\n[cron] ERROR processing video 1615: syntax error, unexpected token \"public\"\n[cron] ERROR processing video 1614: syntax error, unexpected token \"public\"\n[cron] ERROR processing video 1613: syntax error, unexpected token \"public\"\n[cron] ERROR processing video 1612: syntax error, unexpected token \"public\"\n[cron] ERROR processing video 1611: syntax error, unexpected token \"public\"\n[cron] Trendings computed\n[cron] Done\n",
        "duration_ms": 3448
    }
}